-- STORE MODULE COMMON DATA SCRIPT

-- INSERTS

INSERT INTO "COMMON"."Variable" ("NAME", "VALUE") VALUES ('STORE_DB_VERSION', '7.5.13.2');

INSERT INTO "Setting" ("NAME", "COPY") VALUES ('DEFAULT_SERIE_COMPRA', TRUE);
INSERT INTO "Setting" ("NAME", "COPY") VALUES ('NOTIFY_FACTURAS_RECIBIDAS', TRUE);
INSERT INTO "Setting" ("NAME", "COPY") VALUES ('NOTIFY_PAGOS', TRUE);
INSERT INTO "Setting" ("NAME", "COPY") VALUES ('NOTIFY_PLAZO_FACTURAS_RECIBIDAS', TRUE);
INSERT INTO "Setting" ("NAME", "COPY") VALUES ('NOTIFY_PLAZO_PAGOS', TRUE);
INSERT INTO "Setting" ("NAME", "COPY") VALUES ('NOTIFY_PLAZO_GASTOS', TRUE);
INSERT INTO "Setting" ("NAME", "COPY") VALUES ('FOMENTO_FOLDER', TRUE);

INSERT INTO "UserSetting" ("OID_USER", "OID_SETTING", "NAME", "VALUE") (SELECT U."OID", S."OID", S."NAME", 'TRUE' FROM "User" AS U, "Setting" AS S WHERE S."NAME" = 'DEFAULT_SERIE_COMPRA');
INSERT INTO "UserSetting" ("OID_USER", "OID_SETTING", "NAME", "VALUE") (SELECT U."OID", S."OID", S."NAME", 'TRUE' FROM "User" AS U, "Setting" AS S WHERE S."NAME" = 'NOTIFY_FACTURAS_RECIBIDAS');
INSERT INTO "UserSetting" ("OID_USER", "OID_SETTING", "NAME", "VALUE") (SELECT U."OID", S."OID", S."NAME", 'TRUE' FROM "User" AS U, "Setting" AS S WHERE S."NAME" = 'NOTIFY_PAGOS');
INSERT INTO "UserSetting" ("OID_USER", "OID_SETTING", "NAME", "VALUE") (SELECT U."OID", S."OID", S."NAME", '7' FROM "User" AS U, "Setting" AS S WHERE S."NAME" = 'NOTIFY_PLAZO_FACTURAS_RECIBIDAS');
INSERT INTO "UserSetting" ("OID_USER", "OID_SETTING", "NAME", "VALUE") (SELECT U."OID", S."OID", S."NAME", '7' FROM "User" AS U, "Setting" AS S WHERE S."NAME" = 'NOTIFY_PLAZO_PAGOS');
INSERT INTO "UserSetting" ("OID_USER", "OID_SETTING", "NAME", "VALUE") (SELECT U."OID", S."OID", S."NAME", '7' FROM "User" AS U, "Setting" AS S WHERE S."NAME" = 'NOTIFY_PLAZO_GASTOS');
INSERT INTO "UserSetting" ("OID_USER", "OID_SETTING", "NAME", "VALUE") (SELECT U."OID", S."OID", S."NAME", '' FROM "User" AS U, "Setting" AS S WHERE S."NAME" = 'FOMENTO_FOLDER');

-- HIPATIA ENTITIES INSERTS

INSERT INTO "COMMON"."HPEntityType" ("VALOR", "USER_CREATED", "COMMON_SCHEMA") VALUES ('Almacen', FALSE, FALSE);
INSERT INTO "COMMON"."HPEntityType" ("VALOR", "USER_CREATED", "COMMON_SCHEMA") VALUES ('Despachante', FALSE, TRUE);
INSERT INTO "COMMON"."HPEntityType" ("VALOR", "USER_CREATED", "COMMON_SCHEMA") VALUES ('Empleado', FALSE, TRUE);
INSERT INTO "COMMON"."HPEntityType" ("VALOR", "USER_CREATED", "COMMON_SCHEMA") VALUES ('Expediente', FALSE, FALSE);
INSERT INTO "COMMON"."HPEntityType" ("VALOR", "USER_CREATED", "COMMON_SCHEMA") VALUES ('FacturaRecibida', FALSE, FALSE);
INSERT INTO "COMMON"."HPEntityType" ("VALOR", "USER_CREATED", "COMMON_SCHEMA") VALUES ('Naviera', FALSE, TRUE);
INSERT INTO "COMMON"."HPEntityType" ("VALOR", "USER_CREATED", "COMMON_SCHEMA") VALUES ('Pago', FALSE, FALSE);
INSERT INTO "COMMON"."HPEntityType" ("VALOR", "USER_CREATED", "COMMON_SCHEMA") VALUES ('Producto', FALSE, FALSE);
INSERT INTO "COMMON"."HPEntityType" ("VALOR", "USER_CREATED", "COMMON_SCHEMA") VALUES ('Proveedor', FALSE, TRUE);
INSERT INTO "COMMON"."HPEntityType" ("VALOR", "USER_CREATED", "COMMON_SCHEMA") VALUES ('Transportista', FALSE, TRUE);
INSERT INTO "COMMON"."HPEntityType" ("VALOR", "USER_CREATED", "COMMON_SCHEMA") VALUES ('LineaFomento', FALSE, TRUE);

INSERT INTO "COMMON"."HPEntity" ("TIPO", "OBSERVACIONES") VALUES ('Almacen', 'Almacenes');
INSERT INTO "COMMON"."HPEntity" ("TIPO", "OBSERVACIONES") VALUES ('Despachante', 'Despachantes');
INSERT INTO "COMMON"."HPEntity" ("TIPO", "OBSERVACIONES") VALUES ('Empleado', 'Empleados');
INSERT INTO "COMMON"."HPEntity" ("TIPO", "OBSERVACIONES") VALUES ('Expediente', 'Expedientes');
INSERT INTO "COMMON"."HPEntity" ("TIPO", "OBSERVACIONES") VALUES ('FacturaRecibida', 'Facturas Recibidas');
INSERT INTO "COMMON"."HPEntity" ("TIPO", "OBSERVACIONES") VALUES ('Naviera', 'Navieras');
INSERT INTO "COMMON"."HPEntity" ("TIPO", "OBSERVACIONES") VALUES ('Pago', 'Pagos');
INSERT INTO "COMMON"."HPEntity" ("TIPO", "OBSERVACIONES") VALUES ('Producto', 'Productos');
INSERT INTO "COMMON"."HPEntity" ("TIPO", "OBSERVACIONES") VALUES ('Proveedor', 'Proveedores');
INSERT INTO "COMMON"."HPEntity" ("TIPO", "OBSERVACIONES") VALUES ('Transportista', 'Transportistas');
INSERT INTO "COMMON"."HPEntity" ("TIPO", "OBSERVACIONES") VALUES ('LineaFomento', 'Líneas de Fomento');


-- SECURE ITEMS INSERTS

INSERT INTO "COMMON"."SecureItem" ("NAME", "TIPO", "DESCRIPTOR") VALUES ('Stock', '201', 'STOCK');
INSERT INTO "COMMON"."SecureItem" ("NAME", "TIPO", "DESCRIPTOR") VALUES ('Empleados', '202', 'EMPLEADO');
INSERT INTO "COMMON"."SecureItem" ("NAME", "TIPO", "DESCRIPTOR") VALUES ('Expedientes', '203', 'EXPEDIENTE');
INSERT INTO "COMMON"."SecureItem" ("NAME", "TIPO", "DESCRIPTOR") VALUES ('Facturas Recibidas', '204', 'FACTURA_PROVEEDOR');
INSERT INTO "COMMON"."SecureItem" ("NAME", "TIPO", "DESCRIPTOR") VALUES ('Gastos', '205', 'GASTO');
INSERT INTO "COMMON"."SecureItem" ("NAME", "TIPO", "DESCRIPTOR") VALUES ('Nóminas','206', 'NOMINA');
INSERT INTO "COMMON"."SecureItem" ("NAME", "TIPO", "DESCRIPTOR") VALUES ('Pagos', '207', 'PAGO');
INSERT INTO "COMMON"."SecureItem" ("NAME", "TIPO", "DESCRIPTOR") VALUES ('Productos', '208', 'PRODUCTO');
INSERT INTO "COMMON"."SecureItem" ("NAME", "TIPO", "DESCRIPTOR") VALUES ('Proveedores', '209', 'PROVEEDOR');
INSERT INTO "COMMON"."SecureItem" ("NAME", "TIPO", "DESCRIPTOR") VALUES ('Series', '210', 'SERIE');
INSERT INTO "COMMON"."SecureItem" ("NAME", "TIPO", "DESCRIPTOR") VALUES ('Albaranes Recibidos', '211', 'ALBARAN_RECIBIDO');
INSERT INTO "COMMON"."SecureItem" ("NAME", "TIPO", "DESCRIPTOR") VALUES ('Almacenes', '212', 'ALMACEN');

-- ITEM MAP INSERTS

-- ALBARAN_RECIBIDO	-> AUXILIARES
--					-> VARIABLE

INSERT INTO "COMMON"."ItemMap" ("OID_ITEM","PRIVILEGE","OID_ASSOCIATE_ITEM","ASSOCIATE_PRIVILEGE")  
	SELECT SI."OID", '1', ASI."OID", '1' 
	FROM "COMMON"."SecureItem" AS SI
	INNER JOIN "COMMON"."SecureItem" AS ASI ON SI."DESCRIPTOR" = 'ALBARAN_RECIBIDO' AND ASI."DESCRIPTOR" = 'VARIABLE'	;

INSERT INTO "COMMON"."ItemMap" ("OID_ITEM","PRIVILEGE","OID_ASSOCIATE_ITEM","ASSOCIATE_PRIVILEGE")  
	SELECT SI."OID", '2', ASI."OID", '1' 
	FROM "COMMON"."SecureItem" AS SI
	INNER JOIN "COMMON"."SecureItem" AS ASI ON SI."DESCRIPTOR" = 'ALBARAN_RECIBIDO' AND ASI."DESCRIPTOR" = 'VARIABLE'	;

INSERT INTO "COMMON"."ItemMap" ("OID_ITEM","PRIVILEGE","OID_ASSOCIATE_ITEM","ASSOCIATE_PRIVILEGE")  
	SELECT SI."OID", '3', ASI."OID", '1' 
	FROM "COMMON"."SecureItem" AS SI
	INNER JOIN "COMMON"."SecureItem" AS ASI ON SI."DESCRIPTOR" = 'ALBARAN_RECIBIDO' AND ASI."DESCRIPTOR" = 'VARIABLE'	;

INSERT INTO "COMMON"."ItemMap" ("OID_ITEM","PRIVILEGE","OID_ASSOCIATE_ITEM","ASSOCIATE_PRIVILEGE")  
	SELECT SI."OID", '4', ASI."OID", '1' 
	FROM "COMMON"."SecureItem" AS SI
	INNER JOIN "COMMON"."SecureItem" AS ASI ON SI."DESCRIPTOR" = 'ALBARAN_RECIBIDO' AND ASI."DESCRIPTOR" = 'VARIABLE'	;

INSERT INTO "COMMON"."ItemMap" ("OID_ITEM","PRIVILEGE","OID_ASSOCIATE_ITEM","ASSOCIATE_PRIVILEGE")  
	SELECT SI."OID", '1', ASI."OID", '1' 
	FROM "COMMON"."SecureItem" AS SI
	INNER JOIN "COMMON"."SecureItem" AS ASI ON SI."DESCRIPTOR" = 'ALBARAN_RECIBIDO' AND ASI."DESCRIPTOR" = 'EMPRESA'	;

INSERT INTO "COMMON"."ItemMap" ("OID_ITEM","PRIVILEGE","OID_ASSOCIATE_ITEM","ASSOCIATE_PRIVILEGE")  
	SELECT SI."OID", '2', ASI."OID", '1' 
	FROM "COMMON"."SecureItem" AS SI
	INNER JOIN "COMMON"."SecureItem" AS ASI ON SI."DESCRIPTOR" = 'ALBARAN_RECIBIDO' AND ASI."DESCRIPTOR" = 'EMPRESA'	;

INSERT INTO "COMMON"."ItemMap" ("OID_ITEM","PRIVILEGE","OID_ASSOCIATE_ITEM","ASSOCIATE_PRIVILEGE")  
	SELECT SI."OID", '3', ASI."OID", '1' 
	FROM "COMMON"."SecureItem" AS SI
	INNER JOIN "COMMON"."SecureItem" AS ASI ON SI."DESCRIPTOR" = 'ALBARAN_RECIBIDO' AND ASI."DESCRIPTOR" = 'EMPRESA'	;

INSERT INTO "COMMON"."ItemMap" ("OID_ITEM","PRIVILEGE","OID_ASSOCIATE_ITEM","ASSOCIATE_PRIVILEGE")  
	SELECT SI."OID", '4', ASI."OID", '1' 
	FROM "COMMON"."SecureItem" AS SI
	INNER JOIN "COMMON"."SecureItem" AS ASI ON SI."DESCRIPTOR" = 'ALBARAN_RECIBIDO' AND ASI."DESCRIPTOR" = 'EMPRESA'	;

	
-- AUXILIARES -> PROVEEDOR 

INSERT INTO "COMMON"."ItemMap" ("OID_ITEM","PRIVILEGE","OID_ASSOCIATE_ITEM","ASSOCIATE_PRIVILEGE")  
	SELECT SI."OID", '1', ASI."OID", '1' 
	FROM "COMMON"."SecureItem" AS SI
	INNER JOIN "COMMON"."SecureItem" AS ASI ON SI."DESCRIPTOR" = 'AUXILIARES' AND ASI."DESCRIPTOR" = 'PROVEEDOR'	;

INSERT INTO "COMMON"."ItemMap" ("OID_ITEM","PRIVILEGE","OID_ASSOCIATE_ITEM","ASSOCIATE_PRIVILEGE")  
	SELECT SI."OID", '2', ASI."OID", '2' 
	FROM "COMMON"."SecureItem" AS SI
	INNER JOIN "COMMON"."SecureItem" AS ASI ON SI."DESCRIPTOR" = 'AUXILIARES' AND ASI."DESCRIPTOR" = 'PROVEEDOR'	;

INSERT INTO "COMMON"."ItemMap" ("OID_ITEM","PRIVILEGE","OID_ASSOCIATE_ITEM","ASSOCIATE_PRIVILEGE")  
	SELECT SI."OID", '3', ASI."OID", '3' 
	FROM "COMMON"."SecureItem" AS SI
	INNER JOIN "COMMON"."SecureItem" AS ASI ON SI."DESCRIPTOR" = 'AUXILIARES' AND ASI."DESCRIPTOR" = 'PROVEEDOR'	;

INSERT INTO "COMMON"."ItemMap" ("OID_ITEM","PRIVILEGE","OID_ASSOCIATE_ITEM","ASSOCIATE_PRIVILEGE")  
	SELECT SI."OID", '4', ASI."OID", '4' 
	FROM "COMMON"."SecureItem" AS SI
	INNER JOIN "COMMON"."SecureItem" AS ASI ON SI."DESCRIPTOR" = 'AUXILIARES' AND ASI."DESCRIPTOR" = 'PROVEEDOR'	;

-- EMPLEADO 	-> AUXILIARES
--				-> VARIABLE
--				-> PROVEEDOR
--				-> FACTURA_RECIBIDA 

INSERT INTO "COMMON"."ItemMap" ("OID_ITEM","PRIVILEGE","OID_ASSOCIATE_ITEM","ASSOCIATE_PRIVILEGE")  
	SELECT SI."OID", '1', ASI."OID", '1' 
	FROM "COMMON"."SecureItem" AS SI
	INNER JOIN "COMMON"."SecureItem" AS ASI ON SI."DESCRIPTOR" = 'EMPLEADO' AND ASI."DESCRIPTOR" = 'PROVEEDOR'	;

INSERT INTO "COMMON"."ItemMap" ("OID_ITEM","PRIVILEGE","OID_ASSOCIATE_ITEM","ASSOCIATE_PRIVILEGE")  
	SELECT SI."OID", '2', ASI."OID", '2' 
	FROM "COMMON"."SecureItem" AS SI
	INNER JOIN "COMMON"."SecureItem" AS ASI ON SI."DESCRIPTOR" = 'EMPLEADO' AND ASI."DESCRIPTOR" = 'PROVEEDOR'	;

INSERT INTO "COMMON"."ItemMap" ("OID_ITEM","PRIVILEGE","OID_ASSOCIATE_ITEM","ASSOCIATE_PRIVILEGE")  
	SELECT SI."OID", '3', ASI."OID", '3' 
	FROM "COMMON"."SecureItem" AS SI
	INNER JOIN "COMMON"."SecureItem" AS ASI ON SI."DESCRIPTOR" = 'EMPLEADO' AND ASI."DESCRIPTOR" = 'PROVEEDOR'	;

INSERT INTO "COMMON"."ItemMap" ("OID_ITEM","PRIVILEGE","OID_ASSOCIATE_ITEM","ASSOCIATE_PRIVILEGE")  
	SELECT SI."OID", '4', ASI."OID", '4' 
	FROM "COMMON"."SecureItem" AS SI
	INNER JOIN "COMMON"."SecureItem" AS ASI ON SI."DESCRIPTOR" = 'EMPLEADO' AND ASI."DESCRIPTOR" = 'PROVEEDOR'	;

INSERT INTO "COMMON"."ItemMap" ("OID_ITEM","PRIVILEGE","OID_ASSOCIATE_ITEM","ASSOCIATE_PRIVILEGE")  
	SELECT SI."OID", '1', ASI."OID", '1' 
	FROM "COMMON"."SecureItem" AS SI
	INNER JOIN "COMMON"."SecureItem" AS ASI ON SI."DESCRIPTOR" = 'EMPLEADO' AND ASI."DESCRIPTOR" = 'FACTURA_RECIBIDA'	;

INSERT INTO "COMMON"."ItemMap" ("OID_ITEM","PRIVILEGE","OID_ASSOCIATE_ITEM","ASSOCIATE_PRIVILEGE")  
	SELECT SI."OID", '2', ASI."OID", '2' 
	FROM "COMMON"."SecureItem" AS SI
	INNER JOIN "COMMON"."SecureItem" AS ASI ON SI."DESCRIPTOR" = 'EMPLEADO' AND ASI."DESCRIPTOR" = 'FACTURA_RECIBIDA'	;

INSERT INTO "COMMON"."ItemMap" ("OID_ITEM","PRIVILEGE","OID_ASSOCIATE_ITEM","ASSOCIATE_PRIVILEGE")  
	SELECT SI."OID", '3', ASI."OID", '3' 
	FROM "COMMON"."SecureItem" AS SI
	INNER JOIN "COMMON"."SecureItem" AS ASI ON SI."DESCRIPTOR" = 'EMPLEADO' AND ASI."DESCRIPTOR" = 'FACTURA_RECIBIDA'	;

INSERT INTO "COMMON"."ItemMap" ("OID_ITEM","PRIVILEGE","OID_ASSOCIATE_ITEM","ASSOCIATE_PRIVILEGE")  
	SELECT SI."OID", '4', ASI."OID", '4' 
	FROM "COMMON"."SecureItem" AS SI
	INNER JOIN "COMMON"."SecureItem" AS ASI ON SI."DESCRIPTOR" = 'EMPLEADO' AND ASI."DESCRIPTOR" = 'FACTURA_RECIBIDA'	;
	
INSERT INTO "COMMON"."ItemMap" ("OID_ITEM","PRIVILEGE","OID_ASSOCIATE_ITEM","ASSOCIATE_PRIVILEGE")  
	SELECT SI."OID", '1', ASI."OID", '1' 
	FROM "COMMON"."SecureItem" AS SI
	INNER JOIN "COMMON"."SecureItem" AS ASI ON SI."DESCRIPTOR" = 'EMPLEADO' AND ASI."DESCRIPTOR" = 'VARIABLE'	;

INSERT INTO "COMMON"."ItemMap" ("OID_ITEM","PRIVILEGE","OID_ASSOCIATE_ITEM","ASSOCIATE_PRIVILEGE")  
	SELECT SI."OID", '2', ASI."OID", '1' 
	FROM "COMMON"."SecureItem" AS SI
	INNER JOIN "COMMON"."SecureItem" AS ASI ON SI."DESCRIPTOR" = 'EMPLEADO' AND ASI."DESCRIPTOR" = 'VARIABLE'	;

INSERT INTO "COMMON"."ItemMap" ("OID_ITEM","PRIVILEGE","OID_ASSOCIATE_ITEM","ASSOCIATE_PRIVILEGE")  
	SELECT SI."OID", '3', ASI."OID", '1' 
	FROM "COMMON"."SecureItem" AS SI
	INNER JOIN "COMMON"."SecureItem" AS ASI ON SI."DESCRIPTOR" = 'EMPLEADO' AND ASI."DESCRIPTOR" = 'VARIABLE'	;

INSERT INTO "COMMON"."ItemMap" ("OID_ITEM","PRIVILEGE","OID_ASSOCIATE_ITEM","ASSOCIATE_PRIVILEGE")  
	SELECT SI."OID", '4', ASI."OID", '1' 
	FROM "COMMON"."SecureItem" AS SI
	INNER JOIN "COMMON"."SecureItem" AS ASI ON SI."DESCRIPTOR" = 'EMPLEADO' AND ASI."DESCRIPTOR" = 'VARIABLE'	;

INSERT INTO "COMMON"."ItemMap" ("OID_ITEM","PRIVILEGE","OID_ASSOCIATE_ITEM","ASSOCIATE_PRIVILEGE")  
	SELECT SI."OID", '1', ASI."OID", '1' 
	FROM "COMMON"."SecureItem" AS SI
	INNER JOIN "COMMON"."SecureItem" AS ASI ON SI."DESCRIPTOR" = 'EMPLEADO' AND ASI."DESCRIPTOR" = 'EMPRESA'	;

INSERT INTO "COMMON"."ItemMap" ("OID_ITEM","PRIVILEGE","OID_ASSOCIATE_ITEM","ASSOCIATE_PRIVILEGE")  
	SELECT SI."OID", '2', ASI."OID", '1' 
	FROM "COMMON"."SecureItem" AS SI
	INNER JOIN "COMMON"."SecureItem" AS ASI ON SI."DESCRIPTOR" = 'EMPLEADO' AND ASI."DESCRIPTOR" = 'EMPRESA'	;

INSERT INTO "COMMON"."ItemMap" ("OID_ITEM","PRIVILEGE","OID_ASSOCIATE_ITEM","ASSOCIATE_PRIVILEGE")  
	SELECT SI."OID", '3', ASI."OID", '1' 
	FROM "COMMON"."SecureItem" AS SI
	INNER JOIN "COMMON"."SecureItem" AS ASI ON SI."DESCRIPTOR" = 'EMPLEADO' AND ASI."DESCRIPTOR" = 'EMPRESA'	;

INSERT INTO "COMMON"."ItemMap" ("OID_ITEM","PRIVILEGE","OID_ASSOCIATE_ITEM","ASSOCIATE_PRIVILEGE")  
	SELECT SI."OID", '4', ASI."OID", '1' 
	FROM "COMMON"."SecureItem" AS SI
	INNER JOIN "COMMON"."SecureItem" AS ASI ON SI."DESCRIPTOR" = 'EMPLEADO' AND ASI."DESCRIPTOR" = 'EMPRESA'	;
	
-- EXPEDIENTE 	-> VARIABLE
--				-> EMPRESA
--				-> PRODUCTO 
--				-> FACTURA_RECIBIDA 
--				-> (R, C, M) -> FACTURA_EMITIDA(R)
--				-> (C, M) -> PRODUCTO(R), AUXILIARES(R), PROVEEDOR(R), FACTURA_RECIBIDA(R)

INSERT INTO "COMMON"."ItemMap" ("OID_ITEM","PRIVILEGE","OID_ASSOCIATE_ITEM","ASSOCIATE_PRIVILEGE")  
	SELECT SI."OID", '1', ASI."OID", '1' 
	FROM "COMMON"."SecureItem" AS SI
	INNER JOIN "COMMON"."SecureItem" AS ASI ON SI."DESCRIPTOR" = 'EXPEDIENTE' AND ASI."DESCRIPTOR" = 'VARIABLE'	;

INSERT INTO "COMMON"."ItemMap" ("OID_ITEM","PRIVILEGE","OID_ASSOCIATE_ITEM","ASSOCIATE_PRIVILEGE")  
	SELECT SI."OID", '2', ASI."OID", '1' 
	FROM "COMMON"."SecureItem" AS SI
	INNER JOIN "COMMON"."SecureItem" AS ASI ON SI."DESCRIPTOR" = 'EXPEDIENTE' AND ASI."DESCRIPTOR" = 'VARIABLE'	;

INSERT INTO "COMMON"."ItemMap" ("OID_ITEM","PRIVILEGE","OID_ASSOCIATE_ITEM","ASSOCIATE_PRIVILEGE")  
	SELECT SI."OID", '3', ASI."OID", '1' 
	FROM "COMMON"."SecureItem" AS SI
	INNER JOIN "COMMON"."SecureItem" AS ASI ON SI."DESCRIPTOR" = 'EXPEDIENTE' AND ASI."DESCRIPTOR" = 'VARIABLE'	;

INSERT INTO "COMMON"."ItemMap" ("OID_ITEM","PRIVILEGE","OID_ASSOCIATE_ITEM","ASSOCIATE_PRIVILEGE")  
	SELECT SI."OID", '4', ASI."OID", '1' 
	FROM "COMMON"."SecureItem" AS SI
	INNER JOIN "COMMON"."SecureItem" AS ASI ON SI."DESCRIPTOR" = 'EXPEDIENTE' AND ASI."DESCRIPTOR" = 'VARIABLE'	;

INSERT INTO "COMMON"."ItemMap" ("OID_ITEM","PRIVILEGE","OID_ASSOCIATE_ITEM","ASSOCIATE_PRIVILEGE")  
	SELECT SI."OID", '1', ASI."OID", '1' 
	FROM "COMMON"."SecureItem" AS SI
	INNER JOIN "COMMON"."SecureItem" AS ASI ON SI."DESCRIPTOR" = 'EXPEDIENTE' AND ASI."DESCRIPTOR" = 'EMPRESA'	;

INSERT INTO "COMMON"."ItemMap" ("OID_ITEM","PRIVILEGE","OID_ASSOCIATE_ITEM","ASSOCIATE_PRIVILEGE")  
	SELECT SI."OID", '2', ASI."OID", '1' 
	FROM "COMMON"."SecureItem" AS SI
	INNER JOIN "COMMON"."SecureItem" AS ASI ON SI."DESCRIPTOR" = 'EXPEDIENTE' AND ASI."DESCRIPTOR" = 'EMPRESA'	;

INSERT INTO "COMMON"."ItemMap" ("OID_ITEM","PRIVILEGE","OID_ASSOCIATE_ITEM","ASSOCIATE_PRIVILEGE")  
	SELECT SI."OID", '3', ASI."OID", '1' 
	FROM "COMMON"."SecureItem" AS SI
	INNER JOIN "COMMON"."SecureItem" AS ASI ON SI."DESCRIPTOR" = 'EXPEDIENTE' AND ASI."DESCRIPTOR" = 'EMPRESA'	;

INSERT INTO "COMMON"."ItemMap" ("OID_ITEM","PRIVILEGE","OID_ASSOCIATE_ITEM","ASSOCIATE_PRIVILEGE")  
	SELECT SI."OID", '4', ASI."OID", '1' 
	FROM "COMMON"."SecureItem" AS SI
	INNER JOIN "COMMON"."SecureItem" AS ASI ON SI."DESCRIPTOR" = 'EXPEDIENTE' AND ASI."DESCRIPTOR" = 'EMPRESA'	;

INSERT INTO "COMMON"."ItemMap" ("OID_ITEM","PRIVILEGE","OID_ASSOCIATE_ITEM","ASSOCIATE_PRIVILEGE")  
	SELECT SI."OID", '2', ASI."OID", '1' 
	FROM "COMMON"."SecureItem" AS SI
	INNER JOIN "COMMON"."SecureItem" AS ASI ON SI."DESCRIPTOR" = 'EXPEDIENTE' AND ASI."DESCRIPTOR" = 'FACTURA_EMITIDA'	;

INSERT INTO "COMMON"."ItemMap" ("OID_ITEM","PRIVILEGE","OID_ASSOCIATE_ITEM","ASSOCIATE_PRIVILEGE")  
	SELECT SI."OID", '2', ASI."OID", '1' 
	FROM "COMMON"."SecureItem" AS SI
	INNER JOIN "COMMON"."SecureItem" AS ASI ON SI."DESCRIPTOR" = 'EXPEDIENTE' AND ASI."DESCRIPTOR" = 'PRODUCTO'	;

INSERT INTO "COMMON"."ItemMap" ("OID_ITEM","PRIVILEGE","OID_ASSOCIATE_ITEM","ASSOCIATE_PRIVILEGE")  
	SELECT SI."OID", '2', ASI."OID", '1' 
	FROM "COMMON"."SecureItem" AS SI
	INNER JOIN "COMMON"."SecureItem" AS ASI ON SI."DESCRIPTOR" = 'EXPEDIENTE' AND ASI."DESCRIPTOR" = 'AUXILIARES'	;

INSERT INTO "COMMON"."ItemMap" ("OID_ITEM","PRIVILEGE","OID_ASSOCIATE_ITEM","ASSOCIATE_PRIVILEGE")  
	SELECT SI."OID", '2', ASI."OID", '1' 
	FROM "COMMON"."SecureItem" AS SI
	INNER JOIN "COMMON"."SecureItem" AS ASI ON SI."DESCRIPTOR" = 'EXPEDIENTE' AND ASI."DESCRIPTOR" = 'PROVEEDOR'	;

INSERT INTO "COMMON"."ItemMap" ("OID_ITEM","PRIVILEGE","OID_ASSOCIATE_ITEM","ASSOCIATE_PRIVILEGE")  
	SELECT SI."OID", '2', ASI."OID", '1' 
	FROM "COMMON"."SecureItem" AS SI
	INNER JOIN "COMMON"."SecureItem" AS ASI ON SI."DESCRIPTOR" = 'EXPEDIENTE' AND ASI."DESCRIPTOR" = 'FACTURA_RECIBIDA'	;

INSERT INTO "COMMON"."ItemMap" ("OID_ITEM","PRIVILEGE","OID_ASSOCIATE_ITEM","ASSOCIATE_PRIVILEGE")  
	SELECT SI."OID", '3', ASI."OID", '1' 
	FROM "COMMON"."SecureItem" AS SI
	INNER JOIN "COMMON"."SecureItem" AS ASI ON SI."DESCRIPTOR" = 'EXPEDIENTE' AND ASI."DESCRIPTOR" = 'FACTURA_EMITIDA'	;

INSERT INTO "COMMON"."ItemMap" ("OID_ITEM","PRIVILEGE","OID_ASSOCIATE_ITEM","ASSOCIATE_PRIVILEGE")  
	SELECT SI."OID", '3', ASI."OID", '1' 
	FROM "COMMON"."SecureItem" AS SI
	INNER JOIN "COMMON"."SecureItem" AS ASI ON SI."DESCRIPTOR" = 'EXPEDIENTE' AND ASI."DESCRIPTOR" = 'PRODUCTO'	;

INSERT INTO "COMMON"."ItemMap" ("OID_ITEM","PRIVILEGE","OID_ASSOCIATE_ITEM","ASSOCIATE_PRIVILEGE")  
	SELECT SI."OID", '3', ASI."OID", '1' 
	FROM "COMMON"."SecureItem" AS SI
	INNER JOIN "COMMON"."SecureItem" AS ASI ON SI."DESCRIPTOR" = 'EXPEDIENTE' AND ASI."DESCRIPTOR" = 'AUXILIARES'	;

INSERT INTO "COMMON"."ItemMap" ("OID_ITEM","PRIVILEGE","OID_ASSOCIATE_ITEM","ASSOCIATE_PRIVILEGE")  
	SELECT SI."OID", '3', ASI."OID", '1' 
	FROM "COMMON"."SecureItem" AS SI
	INNER JOIN "COMMON"."SecureItem" AS ASI ON SI."DESCRIPTOR" = 'EXPEDIENTE' AND ASI."DESCRIPTOR" = 'PROVEEDOR'	;

INSERT INTO "COMMON"."ItemMap" ("OID_ITEM","PRIVILEGE","OID_ASSOCIATE_ITEM","ASSOCIATE_PRIVILEGE")  
	SELECT SI."OID", '3', ASI."OID", '1' 
	FROM "COMMON"."SecureItem" AS SI
	INNER JOIN "COMMON"."SecureItem" AS ASI ON SI."DESCRIPTOR" = 'EXPEDIENTE' AND ASI."DESCRIPTOR" = 'FACTURA_RECIBIDA'	;

INSERT INTO "COMMON"."ItemMap" ("OID_ITEM","PRIVILEGE","OID_ASSOCIATE_ITEM","ASSOCIATE_PRIVILEGE")  
	SELECT SI."OID", '1', ASI."OID", '1' 
	FROM "COMMON"."SecureItem" AS SI
	INNER JOIN "COMMON"."SecureItem" AS ASI ON SI."DESCRIPTOR" = 'EXPEDIENTE' AND ASI."DESCRIPTOR" = 'FACTURA_EMITIDA'	;

INSERT INTO "COMMON"."ItemMap" ("OID_ITEM","PRIVILEGE","OID_ASSOCIATE_ITEM","ASSOCIATE_PRIVILEGE")  
	SELECT SI."OID", '1', ASI."OID", '1' 
	FROM "COMMON"."SecureItem" AS SI
	INNER JOIN "COMMON"."SecureItem" AS ASI ON SI."DESCRIPTOR" = 'EXPEDIENTE' AND ASI."DESCRIPTOR" = 'PRODUCTO'	;

INSERT INTO "COMMON"."ItemMap" ("OID_ITEM","PRIVILEGE","OID_ASSOCIATE_ITEM","ASSOCIATE_PRIVILEGE")  
	SELECT SI."OID", '2', ASI."OID", '2' 
	FROM "COMMON"."SecureItem" AS SI
	INNER JOIN "COMMON"."SecureItem" AS ASI ON SI."DESCRIPTOR" = 'EXPEDIENTE' AND ASI."DESCRIPTOR" = 'PRODUCTO'	;

INSERT INTO "COMMON"."ItemMap" ("OID_ITEM","PRIVILEGE","OID_ASSOCIATE_ITEM","ASSOCIATE_PRIVILEGE")  
	SELECT SI."OID", '3', ASI."OID", '3' 
	FROM "COMMON"."SecureItem" AS SI
	INNER JOIN "COMMON"."SecureItem" AS ASI ON SI."DESCRIPTOR" = 'EXPEDIENTE' AND ASI."DESCRIPTOR" = 'PRODUCTO'	;

INSERT INTO "COMMON"."ItemMap" ("OID_ITEM","PRIVILEGE","OID_ASSOCIATE_ITEM","ASSOCIATE_PRIVILEGE")  
	SELECT SI."OID", '4', ASI."OID", '4' 
	FROM "COMMON"."SecureItem" AS SI
	INNER JOIN "COMMON"."SecureItem" AS ASI ON SI."DESCRIPTOR" = 'EXPEDIENTE' AND ASI."DESCRIPTOR" = 'PRODUCTO'	;

INSERT INTO "COMMON"."ItemMap" ("OID_ITEM","PRIVILEGE","OID_ASSOCIATE_ITEM","ASSOCIATE_PRIVILEGE")  
	SELECT SI."OID", '1', ASI."OID", '1' 
	FROM "COMMON"."SecureItem" AS SI
	INNER JOIN "COMMON"."SecureItem" AS ASI ON SI."DESCRIPTOR" = 'EXPEDIENTE' AND ASI."DESCRIPTOR" = 'FACTURA_RECIBIDA'	;

INSERT INTO "COMMON"."ItemMap" ("OID_ITEM","PRIVILEGE","OID_ASSOCIATE_ITEM","ASSOCIATE_PRIVILEGE")  
	SELECT SI."OID", '2', ASI."OID", '2' 
	FROM "COMMON"."SecureItem" AS SI
	INNER JOIN "COMMON"."SecureItem" AS ASI ON SI."DESCRIPTOR" = 'EXPEDIENTE' AND ASI."DESCRIPTOR" = 'FACTURA_RECIBIDA'	;

INSERT INTO "COMMON"."ItemMap" ("OID_ITEM","PRIVILEGE","OID_ASSOCIATE_ITEM","ASSOCIATE_PRIVILEGE")  
	SELECT SI."OID", '3', ASI."OID", '3' 
	FROM "COMMON"."SecureItem" AS SI
	INNER JOIN "COMMON"."SecureItem" AS ASI ON SI."DESCRIPTOR" = 'EXPEDIENTE' AND ASI."DESCRIPTOR" = 'FACTURA_RECIBIDA'	;

INSERT INTO "COMMON"."ItemMap" ("OID_ITEM","PRIVILEGE","OID_ASSOCIATE_ITEM","ASSOCIATE_PRIVILEGE")  
	SELECT SI."OID", '4', ASI."OID", '4' 
	FROM "COMMON"."SecureItem" AS SI
	INNER JOIN "COMMON"."SecureItem" AS ASI ON SI."DESCRIPTOR" = 'EXPEDIENTE' AND ASI."DESCRIPTOR" = 'FACTURA_RECIBIDA'	;
	
-- FACTURA_RECIBIDA	-> VARIABLE
--					-> EMPRESA
--					-> EXPEDIENTE 
--					-> EXPEDIENTE (C, M, D -> M, D)
--					-> FACTURA_EMITIDA (C, M -> M) (D -> M, D)
--					-> MOVIMIENTO_BANCO (C, M -> C, M) (D -> M, D)
--					-> (C, M) -> AUXILIARES(R), PRODUCTO(R), EXPEDIENTE(R),  PROVEEDOR(R), GASTO(R)
--					-> (R) -> PROVEEDOR(R)

INSERT INTO "COMMON"."ItemMap" ("OID_ITEM","PRIVILEGE","OID_ASSOCIATE_ITEM","ASSOCIATE_PRIVILEGE")  
	SELECT SI."OID", '1', ASI."OID", '1' 
	FROM "COMMON"."SecureItem" AS SI
	INNER JOIN "COMMON"."SecureItem" AS ASI ON SI."DESCRIPTOR" = 'FACTURA_RECIBIDA' AND ASI."DESCRIPTOR" = 'VARIABLE'	;

INSERT INTO "COMMON"."ItemMap" ("OID_ITEM","PRIVILEGE","OID_ASSOCIATE_ITEM","ASSOCIATE_PRIVILEGE")  
	SELECT SI."OID", '2', ASI."OID", '1' 
	FROM "COMMON"."SecureItem" AS SI
	INNER JOIN "COMMON"."SecureItem" AS ASI ON SI."DESCRIPTOR" = 'FACTURA_RECIBIDA' AND ASI."DESCRIPTOR" = 'VARIABLE'	;

INSERT INTO "COMMON"."ItemMap" ("OID_ITEM","PRIVILEGE","OID_ASSOCIATE_ITEM","ASSOCIATE_PRIVILEGE")  
	SELECT SI."OID", '3', ASI."OID", '1' 
	FROM "COMMON"."SecureItem" AS SI
	INNER JOIN "COMMON"."SecureItem" AS ASI ON SI."DESCRIPTOR" = 'FACTURA_RECIBIDA' AND ASI."DESCRIPTOR" = 'VARIABLE'	;

INSERT INTO "COMMON"."ItemMap" ("OID_ITEM","PRIVILEGE","OID_ASSOCIATE_ITEM","ASSOCIATE_PRIVILEGE")  
	SELECT SI."OID", '4', ASI."OID", '1' 
	FROM "COMMON"."SecureItem" AS SI
	INNER JOIN "COMMON"."SecureItem" AS ASI ON SI."DESCRIPTOR" = 'FACTURA_RECIBIDA' AND ASI."DESCRIPTOR" = 'VARIABLE'	;

INSERT INTO "COMMON"."ItemMap" ("OID_ITEM","PRIVILEGE","OID_ASSOCIATE_ITEM","ASSOCIATE_PRIVILEGE")  
	SELECT SI."OID", '1', ASI."OID", '1' 
	FROM "COMMON"."SecureItem" AS SI
	INNER JOIN "COMMON"."SecureItem" AS ASI ON SI."DESCRIPTOR" = 'FACTURA_RECIBIDA' AND ASI."DESCRIPTOR" = 'EMPRESA'	;

INSERT INTO "COMMON"."ItemMap" ("OID_ITEM","PRIVILEGE","OID_ASSOCIATE_ITEM","ASSOCIATE_PRIVILEGE")  
	SELECT SI."OID", '2', ASI."OID", '1' 
	FROM "COMMON"."SecureItem" AS SI
	INNER JOIN "COMMON"."SecureItem" AS ASI ON SI."DESCRIPTOR" = 'FACTURA_RECIBIDA' AND ASI."DESCRIPTOR" = 'EMPRESA'	;

INSERT INTO "COMMON"."ItemMap" ("OID_ITEM","PRIVILEGE","OID_ASSOCIATE_ITEM","ASSOCIATE_PRIVILEGE")  
	SELECT SI."OID", '3', ASI."OID", '1' 
	FROM "COMMON"."SecureItem" AS SI
	INNER JOIN "COMMON"."SecureItem" AS ASI ON SI."DESCRIPTOR" = 'FACTURA_RECIBIDA' AND ASI."DESCRIPTOR" = 'EMPRESA'	;

INSERT INTO "COMMON"."ItemMap" ("OID_ITEM","PRIVILEGE","OID_ASSOCIATE_ITEM","ASSOCIATE_PRIVILEGE")  
	SELECT SI."OID", '4', ASI."OID", '1' 
	FROM "COMMON"."SecureItem" AS SI
	INNER JOIN "COMMON"."SecureItem" AS ASI ON SI."DESCRIPTOR" = 'FACTURA_RECIBIDA' AND ASI."DESCRIPTOR" = 'EMPRESA'	;

	
INSERT INTO "COMMON"."ItemMap" ("OID_ITEM","PRIVILEGE","OID_ASSOCIATE_ITEM","ASSOCIATE_PRIVILEGE")  
	SELECT SI."OID", '2', ASI."OID", '1' 
	FROM "COMMON"."SecureItem" AS SI
	INNER JOIN "COMMON"."SecureItem" AS ASI ON SI."DESCRIPTOR" = 'FACTURA_RECIBIDA' AND ASI."DESCRIPTOR" = 'AUXILIARES'	;

INSERT INTO "COMMON"."ItemMap" ("OID_ITEM","PRIVILEGE","OID_ASSOCIATE_ITEM","ASSOCIATE_PRIVILEGE")  
	SELECT SI."OID", '2', ASI."OID", '1' 
	FROM "COMMON"."SecureItem" AS SI
	INNER JOIN "COMMON"."SecureItem" AS ASI ON SI."DESCRIPTOR" = 'FACTURA_RECIBIDA' AND ASI."DESCRIPTOR" = 'PRODUCTO'	;

INSERT INTO "COMMON"."ItemMap" ("OID_ITEM","PRIVILEGE","OID_ASSOCIATE_ITEM","ASSOCIATE_PRIVILEGE")  
	SELECT SI."OID", '2', ASI."OID", '1' 
	FROM "COMMON"."SecureItem" AS SI
	INNER JOIN "COMMON"."SecureItem" AS ASI ON SI."DESCRIPTOR" = 'FACTURA_RECIBIDA' AND ASI."DESCRIPTOR" = 'EXPEDIENTE'	;

INSERT INTO "COMMON"."ItemMap" ("OID_ITEM","PRIVILEGE","OID_ASSOCIATE_ITEM","ASSOCIATE_PRIVILEGE")  
	SELECT SI."OID", '2', ASI."OID", '1' 
	FROM "COMMON"."SecureItem" AS SI
	INNER JOIN "COMMON"."SecureItem" AS ASI ON SI."DESCRIPTOR" = 'FACTURA_RECIBIDA' AND ASI."DESCRIPTOR" = 'PROVEEDOR'	;

INSERT INTO "COMMON"."ItemMap" ("OID_ITEM","PRIVILEGE","OID_ASSOCIATE_ITEM","ASSOCIATE_PRIVILEGE")  
	SELECT SI."OID", '2', ASI."OID", '1' 
	FROM "COMMON"."SecureItem" AS SI
	INNER JOIN "COMMON"."SecureItem" AS ASI ON SI."DESCRIPTOR" = 'FACTURA_RECIBIDA' AND ASI."DESCRIPTOR" = 'GASTO'	;

INSERT INTO "COMMON"."ItemMap" ("OID_ITEM","PRIVILEGE","OID_ASSOCIATE_ITEM","ASSOCIATE_PRIVILEGE")  
	SELECT SI."OID", '3', ASI."OID", '1' 
	FROM "COMMON"."SecureItem" AS SI
	INNER JOIN "COMMON"."SecureItem" AS ASI ON SI."DESCRIPTOR" = 'FACTURA_RECIBIDA' AND ASI."DESCRIPTOR" = 'AUXILIARES'	;

INSERT INTO "COMMON"."ItemMap" ("OID_ITEM","PRIVILEGE","OID_ASSOCIATE_ITEM","ASSOCIATE_PRIVILEGE")  
	SELECT SI."OID", '3', ASI."OID", '1' 
	FROM "COMMON"."SecureItem" AS SI
	INNER JOIN "COMMON"."SecureItem" AS ASI ON SI."DESCRIPTOR" = 'FACTURA_RECIBIDA' AND ASI."DESCRIPTOR" = 'PRODUCTO'	;

INSERT INTO "COMMON"."ItemMap" ("OID_ITEM","PRIVILEGE","OID_ASSOCIATE_ITEM","ASSOCIATE_PRIVILEGE")  
	SELECT SI."OID", '3', ASI."OID", '1' 
	FROM "COMMON"."SecureItem" AS SI
	INNER JOIN "COMMON"."SecureItem" AS ASI ON SI."DESCRIPTOR" = 'FACTURA_RECIBIDA' AND ASI."DESCRIPTOR" = 'EXPEDIENTE'	;

INSERT INTO "COMMON"."ItemMap" ("OID_ITEM","PRIVILEGE","OID_ASSOCIATE_ITEM","ASSOCIATE_PRIVILEGE")  
	SELECT SI."OID", '3', ASI."OID", '1' 
	FROM "COMMON"."SecureItem" AS SI
	INNER JOIN "COMMON"."SecureItem" AS ASI ON SI."DESCRIPTOR" = 'FACTURA_RECIBIDA' AND ASI."DESCRIPTOR" = 'PROVEEDOR'	;

INSERT INTO "COMMON"."ItemMap" ("OID_ITEM","PRIVILEGE","OID_ASSOCIATE_ITEM","ASSOCIATE_PRIVILEGE")  
	SELECT SI."OID", '3', ASI."OID", '1' 
	FROM "COMMON"."SecureItem" AS SI
	INNER JOIN "COMMON"."SecureItem" AS ASI ON SI."DESCRIPTOR" = 'FACTURA_RECIBIDA' AND ASI."DESCRIPTOR" = 'GASTO'	;

INSERT INTO "COMMON"."ItemMap" ("OID_ITEM","PRIVILEGE","OID_ASSOCIATE_ITEM","ASSOCIATE_PRIVILEGE")  
	SELECT SI."OID", '1', ASI."OID", '1' 
	FROM "COMMON"."SecureItem" AS SI
	INNER JOIN "COMMON"."SecureItem" AS ASI ON SI."DESCRIPTOR" = 'FACTURA_RECIBIDA' AND ASI."DESCRIPTOR" = 'PROVEEDOR'	;

INSERT INTO "COMMON"."ItemMap" ("OID_ITEM","PRIVILEGE","OID_ASSOCIATE_ITEM","ASSOCIATE_PRIVILEGE")  
	SELECT SI."OID", '2', ASI."OID", '2' 
	FROM "COMMON"."SecureItem" AS SI
	INNER JOIN "COMMON"."SecureItem" AS ASI ON SI."DESCRIPTOR" = 'FACTURA_RECIBIDA' AND ASI."DESCRIPTOR" = 'MOVIMIENTO_BANCO'	;

INSERT INTO "COMMON"."ItemMap" ("OID_ITEM","PRIVILEGE","OID_ASSOCIATE_ITEM","ASSOCIATE_PRIVILEGE")  
	SELECT SI."OID", '2', ASI."OID", '3' 
	FROM "COMMON"."SecureItem" AS SI
	INNER JOIN "COMMON"."SecureItem" AS ASI ON SI."DESCRIPTOR" = 'FACTURA_RECIBIDA' AND ASI."DESCRIPTOR" = 'MOVIMIENTO_BANCO'	;

INSERT INTO "COMMON"."ItemMap" ("OID_ITEM","PRIVILEGE","OID_ASSOCIATE_ITEM","ASSOCIATE_PRIVILEGE")  
	SELECT SI."OID", '3', ASI."OID", '2' 
	FROM "COMMON"."SecureItem" AS SI
	INNER JOIN "COMMON"."SecureItem" AS ASI ON SI."DESCRIPTOR" = 'FACTURA_RECIBIDA' AND ASI."DESCRIPTOR" = 'MOVIMIENTO_BANCO'	;

INSERT INTO "COMMON"."ItemMap" ("OID_ITEM","PRIVILEGE","OID_ASSOCIATE_ITEM","ASSOCIATE_PRIVILEGE")  
	SELECT SI."OID", '3', ASI."OID", '3' 
	FROM "COMMON"."SecureItem" AS SI
	INNER JOIN "COMMON"."SecureItem" AS ASI ON SI."DESCRIPTOR" = 'FACTURA_RECIBIDA' AND ASI."DESCRIPTOR" = 'MOVIMIENTO_BANCO'	;

INSERT INTO "COMMON"."ItemMap" ("OID_ITEM","PRIVILEGE","OID_ASSOCIATE_ITEM","ASSOCIATE_PRIVILEGE")  
	SELECT SI."OID", '4', ASI."OID", '3' 
	FROM "COMMON"."SecureItem" AS SI
	INNER JOIN "COMMON"."SecureItem" AS ASI ON SI."DESCRIPTOR" = 'FACTURA_RECIBIDA' AND ASI."DESCRIPTOR" = 'MOVIMIENTO_BANCO'	;

INSERT INTO "COMMON"."ItemMap" ("OID_ITEM","PRIVILEGE","OID_ASSOCIATE_ITEM","ASSOCIATE_PRIVILEGE")  
	SELECT SI."OID", '4', ASI."OID", '4' 
	FROM "COMMON"."SecureItem" AS SI
	INNER JOIN "COMMON"."SecureItem" AS ASI ON SI."DESCRIPTOR" = 'FACTURA_RECIBIDA' AND ASI."DESCRIPTOR" = 'MOVIMIENTO_BANCO'	;

INSERT INTO "COMMON"."ItemMap" ("OID_ITEM","PRIVILEGE","OID_ASSOCIATE_ITEM","ASSOCIATE_PRIVILEGE")  
	SELECT SI."OID", '2', ASI."OID", '3' 
	FROM "COMMON"."SecureItem" AS SI
	INNER JOIN "COMMON"."SecureItem" AS ASI ON SI."DESCRIPTOR" = 'FACTURA_RECIBIDA' AND ASI."DESCRIPTOR" = 'FACTURA_EMITIDA'	;

INSERT INTO "COMMON"."ItemMap" ("OID_ITEM","PRIVILEGE","OID_ASSOCIATE_ITEM","ASSOCIATE_PRIVILEGE")  
	SELECT SI."OID", '3', ASI."OID", '3' 
	FROM "COMMON"."SecureItem" AS SI
	INNER JOIN "COMMON"."SecureItem" AS ASI ON SI."DESCRIPTOR" = 'FACTURA_RECIBIDA' AND ASI."DESCRIPTOR" = 'FACTURA_EMITIDA'	;

INSERT INTO "COMMON"."ItemMap" ("OID_ITEM","PRIVILEGE","OID_ASSOCIATE_ITEM","ASSOCIATE_PRIVILEGE")  
	SELECT SI."OID", '4', ASI."OID", '3' 
	FROM "COMMON"."SecureItem" AS SI
	INNER JOIN "COMMON"."SecureItem" AS ASI ON SI."DESCRIPTOR" = 'FACTURA_RECIBIDA' AND ASI."DESCRIPTOR" = 'FACTURA_EMITIDA'	;

INSERT INTO "COMMON"."ItemMap" ("OID_ITEM","PRIVILEGE","OID_ASSOCIATE_ITEM","ASSOCIATE_PRIVILEGE")  
	SELECT SI."OID", '4', ASI."OID", '4' 
	FROM "COMMON"."SecureItem" AS SI
	INNER JOIN "COMMON"."SecureItem" AS ASI ON SI."DESCRIPTOR" = 'FACTURA_RECIBIDA' AND ASI."DESCRIPTOR" = 'FACTURA_EMITIDA'	;

INSERT INTO "COMMON"."ItemMap" ("OID_ITEM","PRIVILEGE","OID_ASSOCIATE_ITEM","ASSOCIATE_PRIVILEGE")  
	SELECT SI."OID", '2', ASI."OID", '3' 
	FROM "COMMON"."SecureItem" AS SI
	INNER JOIN "COMMON"."SecureItem" AS ASI ON SI."DESCRIPTOR" = 'FACTURA_RECIBIDA' AND ASI."DESCRIPTOR" = 'EXPEDIENTE'	;

INSERT INTO "COMMON"."ItemMap" ("OID_ITEM","PRIVILEGE","OID_ASSOCIATE_ITEM","ASSOCIATE_PRIVILEGE")  
	SELECT SI."OID", '4', ASI."OID", '3' 
	FROM "COMMON"."SecureItem" AS SI
	INNER JOIN "COMMON"."SecureItem" AS ASI ON SI."DESCRIPTOR" = 'FACTURA_RECIBIDA' AND ASI."DESCRIPTOR" = 'EXPEDIENTE'	;

INSERT INTO "COMMON"."ItemMap" ("OID_ITEM","PRIVILEGE","OID_ASSOCIATE_ITEM","ASSOCIATE_PRIVILEGE")  
	SELECT SI."OID", '2', ASI."OID", '4' 
	FROM "COMMON"."SecureItem" AS SI
	INNER JOIN "COMMON"."SecureItem" AS ASI ON SI."DESCRIPTOR" = 'FACTURA_RECIBIDA' AND ASI."DESCRIPTOR" = 'EXPEDIENTE'	;

INSERT INTO "COMMON"."ItemMap" ("OID_ITEM","PRIVILEGE","OID_ASSOCIATE_ITEM","ASSOCIATE_PRIVILEGE")  
	SELECT SI."OID", '3', ASI."OID", '4' 
	FROM "COMMON"."SecureItem" AS SI
	INNER JOIN "COMMON"."SecureItem" AS ASI ON SI."DESCRIPTOR" = 'FACTURA_RECIBIDA' AND ASI."DESCRIPTOR" = 'EXPEDIENTE'	;

INSERT INTO "COMMON"."ItemMap" ("OID_ITEM","PRIVILEGE","OID_ASSOCIATE_ITEM","ASSOCIATE_PRIVILEGE")  
	SELECT SI."OID", '1', ASI."OID", '1' 
	FROM "COMMON"."SecureItem" AS SI
	INNER JOIN "COMMON"."SecureItem" AS ASI ON SI."DESCRIPTOR" = 'FACTURA_RECIBIDA' AND ASI."DESCRIPTOR" = 'EXPEDIENTE'	;

INSERT INTO "COMMON"."ItemMap" ("OID_ITEM","PRIVILEGE","OID_ASSOCIATE_ITEM","ASSOCIATE_PRIVILEGE")  
	SELECT SI."OID", '2', ASI."OID", '2' 
	FROM "COMMON"."SecureItem" AS SI
	INNER JOIN "COMMON"."SecureItem" AS ASI ON SI."DESCRIPTOR" = 'FACTURA_RECIBIDA' AND ASI."DESCRIPTOR" = 'EXPEDIENTE'	;

INSERT INTO "COMMON"."ItemMap" ("OID_ITEM","PRIVILEGE","OID_ASSOCIATE_ITEM","ASSOCIATE_PRIVILEGE")  
	SELECT SI."OID", '3', ASI."OID", '3' 
	FROM "COMMON"."SecureItem" AS SI
	INNER JOIN "COMMON"."SecureItem" AS ASI ON SI."DESCRIPTOR" = 'FACTURA_RECIBIDA' AND ASI."DESCRIPTOR" = 'EXPEDIENTE'	;

INSERT INTO "COMMON"."ItemMap" ("OID_ITEM","PRIVILEGE","OID_ASSOCIATE_ITEM","ASSOCIATE_PRIVILEGE")  
	SELECT SI."OID", '4', ASI."OID", '4' 
	FROM "COMMON"."SecureItem" AS SI
	INNER JOIN "COMMON"."SecureItem" AS ASI ON SI."DESCRIPTOR" = 'FACTURA_RECIBIDA' AND ASI."DESCRIPTOR" = 'EXPEDIENTE'	;	
	
-- GASTO	-> AUXILIARES
--			-> VARIABLE
	
INSERT INTO "COMMON"."ItemMap" ("OID_ITEM","PRIVILEGE","OID_ASSOCIATE_ITEM","ASSOCIATE_PRIVILEGE")  
	SELECT SI."OID", '1', ASI."OID", '1' 
	FROM "COMMON"."SecureItem" AS SI
	INNER JOIN "COMMON"."SecureItem" AS ASI ON SI."DESCRIPTOR" = 'GASTO' AND ASI."DESCRIPTOR" = 'VARIABLE'	;

INSERT INTO "COMMON"."ItemMap" ("OID_ITEM","PRIVILEGE","OID_ASSOCIATE_ITEM","ASSOCIATE_PRIVILEGE")  
	SELECT SI."OID", '2', ASI."OID", '1' 
	FROM "COMMON"."SecureItem" AS SI
	INNER JOIN "COMMON"."SecureItem" AS ASI ON SI."DESCRIPTOR" = 'GASTO' AND ASI."DESCRIPTOR" = 'VARIABLE'	;

INSERT INTO "COMMON"."ItemMap" ("OID_ITEM","PRIVILEGE","OID_ASSOCIATE_ITEM","ASSOCIATE_PRIVILEGE")  
	SELECT SI."OID", '3', ASI."OID", '1' 
	FROM "COMMON"."SecureItem" AS SI
	INNER JOIN "COMMON"."SecureItem" AS ASI ON SI."DESCRIPTOR" = 'GASTO' AND ASI."DESCRIPTOR" = 'VARIABLE'	;

INSERT INTO "COMMON"."ItemMap" ("OID_ITEM","PRIVILEGE","OID_ASSOCIATE_ITEM","ASSOCIATE_PRIVILEGE")  
	SELECT SI."OID", '4', ASI."OID", '1' 
	FROM "COMMON"."SecureItem" AS SI
	INNER JOIN "COMMON"."SecureItem" AS ASI ON SI."DESCRIPTOR" = 'GASTO' AND ASI."DESCRIPTOR" = 'VARIABLE'	;

INSERT INTO "COMMON"."ItemMap" ("OID_ITEM","PRIVILEGE","OID_ASSOCIATE_ITEM","ASSOCIATE_PRIVILEGE")  
	SELECT SI."OID", '1', ASI."OID", '1' 
	FROM "COMMON"."SecureItem" AS SI
	INNER JOIN "COMMON"."SecureItem" AS ASI ON SI."DESCRIPTOR" = 'GASTO' AND ASI."DESCRIPTOR" = 'EMPRESA'	;

INSERT INTO "COMMON"."ItemMap" ("OID_ITEM","PRIVILEGE","OID_ASSOCIATE_ITEM","ASSOCIATE_PRIVILEGE")  
	SELECT SI."OID", '2', ASI."OID", '1' 
	FROM "COMMON"."SecureItem" AS SI
	INNER JOIN "COMMON"."SecureItem" AS ASI ON SI."DESCRIPTOR" = 'GASTO' AND ASI."DESCRIPTOR" = 'EMPRESA'	;

INSERT INTO "COMMON"."ItemMap" ("OID_ITEM","PRIVILEGE","OID_ASSOCIATE_ITEM","ASSOCIATE_PRIVILEGE")  
	SELECT SI."OID", '3', ASI."OID", '1' 
	FROM "COMMON"."SecureItem" AS SI
	INNER JOIN "COMMON"."SecureItem" AS ASI ON SI."DESCRIPTOR" = 'GASTO' AND ASI."DESCRIPTOR" = 'EMPRESA'	;

INSERT INTO "COMMON"."ItemMap" ("OID_ITEM","PRIVILEGE","OID_ASSOCIATE_ITEM","ASSOCIATE_PRIVILEGE")  
	SELECT SI."OID", '4', ASI."OID", '1' 
	FROM "COMMON"."SecureItem" AS SI
	INNER JOIN "COMMON"."SecureItem" AS ASI ON SI."DESCRIPTOR" = 'GASTO' AND ASI."DESCRIPTOR" = 'EMPRESA'	;

-- NOMINA	-> AUXILIARES
--			-> VARIABLE
--			-> FACTURA_RECIBIDA 

INSERT INTO "COMMON"."ItemMap" ("OID_ITEM","PRIVILEGE","OID_ASSOCIATE_ITEM","ASSOCIATE_PRIVILEGE")  
	SELECT SI."OID", '1', ASI."OID", '1' 
	FROM "COMMON"."SecureItem" AS SI
	INNER JOIN "COMMON"."SecureItem" AS ASI ON SI."DESCRIPTOR" = 'NOMINA' AND ASI."DESCRIPTOR" = 'VARIABLE'	;

INSERT INTO "COMMON"."ItemMap" ("OID_ITEM","PRIVILEGE","OID_ASSOCIATE_ITEM","ASSOCIATE_PRIVILEGE")  
	SELECT SI."OID", '2', ASI."OID", '1' 
	FROM "COMMON"."SecureItem" AS SI
	INNER JOIN "COMMON"."SecureItem" AS ASI ON SI."DESCRIPTOR" = 'NOMINA' AND ASI."DESCRIPTOR" = 'VARIABLE'	;

INSERT INTO "COMMON"."ItemMap" ("OID_ITEM","PRIVILEGE","OID_ASSOCIATE_ITEM","ASSOCIATE_PRIVILEGE")  
	SELECT SI."OID", '3', ASI."OID", '1' 
	FROM "COMMON"."SecureItem" AS SI
	INNER JOIN "COMMON"."SecureItem" AS ASI ON SI."DESCRIPTOR" = 'NOMINA' AND ASI."DESCRIPTOR" = 'VARIABLE'	;

INSERT INTO "COMMON"."ItemMap" ("OID_ITEM","PRIVILEGE","OID_ASSOCIATE_ITEM","ASSOCIATE_PRIVILEGE")  
	SELECT SI."OID", '4', ASI."OID", '1' 
	FROM "COMMON"."SecureItem" AS SI
	INNER JOIN "COMMON"."SecureItem" AS ASI ON SI."DESCRIPTOR" = 'NOMINA' AND ASI."DESCRIPTOR" = 'VARIABLE'	;

INSERT INTO "COMMON"."ItemMap" ("OID_ITEM","PRIVILEGE","OID_ASSOCIATE_ITEM","ASSOCIATE_PRIVILEGE")  
	SELECT SI."OID", '1', ASI."OID", '1' 
	FROM "COMMON"."SecureItem" AS SI
	INNER JOIN "COMMON"."SecureItem" AS ASI ON SI."DESCRIPTOR" = 'NOMINA' AND ASI."DESCRIPTOR" = 'EMPRESA'	;

INSERT INTO "COMMON"."ItemMap" ("OID_ITEM","PRIVILEGE","OID_ASSOCIATE_ITEM","ASSOCIATE_PRIVILEGE")  
	SELECT SI."OID", '2', ASI."OID", '1' 
	FROM "COMMON"."SecureItem" AS SI
	INNER JOIN "COMMON"."SecureItem" AS ASI ON SI."DESCRIPTOR" = 'NOMINA' AND ASI."DESCRIPTOR" = 'EMPRESA'	;

INSERT INTO "COMMON"."ItemMap" ("OID_ITEM","PRIVILEGE","OID_ASSOCIATE_ITEM","ASSOCIATE_PRIVILEGE")  
	SELECT SI."OID", '3', ASI."OID", '1' 
	FROM "COMMON"."SecureItem" AS SI
	INNER JOIN "COMMON"."SecureItem" AS ASI ON SI."DESCRIPTOR" = 'NOMINA' AND ASI."DESCRIPTOR" = 'EMPRESA'	;

INSERT INTO "COMMON"."ItemMap" ("OID_ITEM","PRIVILEGE","OID_ASSOCIATE_ITEM","ASSOCIATE_PRIVILEGE")  
	SELECT SI."OID", '4', ASI."OID", '1' 
	FROM "COMMON"."SecureItem" AS SI
	INNER JOIN "COMMON"."SecureItem" AS ASI ON SI."DESCRIPTOR" = 'NOMINA' AND ASI."DESCRIPTOR" = 'EMPRESA'	;
	
INSERT INTO "COMMON"."ItemMap" ("OID_ITEM","PRIVILEGE","OID_ASSOCIATE_ITEM","ASSOCIATE_PRIVILEGE")  
	SELECT SI."OID", '1', ASI."OID", '1' 
	FROM "COMMON"."SecureItem" AS SI
	INNER JOIN "COMMON"."SecureItem" AS ASI ON SI."DESCRIPTOR" = 'NOMINA' AND ASI."DESCRIPTOR" = 'FACTURA_RECIBIDA'	;

INSERT INTO "COMMON"."ItemMap" ("OID_ITEM","PRIVILEGE","OID_ASSOCIATE_ITEM","ASSOCIATE_PRIVILEGE")  
	SELECT SI."OID", '2', ASI."OID", '2' 
	FROM "COMMON"."SecureItem" AS SI
	INNER JOIN "COMMON"."SecureItem" AS ASI ON SI."DESCRIPTOR" = 'NOMINA' AND ASI."DESCRIPTOR" = 'FACTURA_RECIBIDA'	;

INSERT INTO "COMMON"."ItemMap" ("OID_ITEM","PRIVILEGE","OID_ASSOCIATE_ITEM","ASSOCIATE_PRIVILEGE")  
	SELECT SI."OID", '3', ASI."OID", '3' 
	FROM "COMMON"."SecureItem" AS SI
	INNER JOIN "COMMON"."SecureItem" AS ASI ON SI."DESCRIPTOR" = 'NOMINA' AND ASI."DESCRIPTOR" = 'FACTURA_RECIBIDA'	;

INSERT INTO "COMMON"."ItemMap" ("OID_ITEM","PRIVILEGE","OID_ASSOCIATE_ITEM","ASSOCIATE_PRIVILEGE")  
	SELECT SI."OID", '4', ASI."OID", '4' 
	FROM "COMMON"."SecureItem" AS SI
	INNER JOIN "COMMON"."SecureItem" AS ASI ON SI."DESCRIPTOR" = 'NOMINA' AND ASI."DESCRIPTOR" = 'FACTURA_RECIBIDA'	;
	
-- PAGO 	-> VARIABLE
--			-> EMPRESA	
	
INSERT INTO "COMMON"."ItemMap" ("OID_ITEM","PRIVILEGE","OID_ASSOCIATE_ITEM","ASSOCIATE_PRIVILEGE")  
	SELECT SI."OID", '1', ASI."OID", '1' 
	FROM "COMMON"."SecureItem" AS SI
	INNER JOIN "COMMON"."SecureItem" AS ASI ON SI."DESCRIPTOR" = 'PAGO' AND ASI."DESCRIPTOR" = 'VARIABLE'	;

INSERT INTO "COMMON"."ItemMap" ("OID_ITEM","PRIVILEGE","OID_ASSOCIATE_ITEM","ASSOCIATE_PRIVILEGE")  
	SELECT SI."OID", '2', ASI."OID", '1' 
	FROM "COMMON"."SecureItem" AS SI
	INNER JOIN "COMMON"."SecureItem" AS ASI ON SI."DESCRIPTOR" = 'PAGO' AND ASI."DESCRIPTOR" = 'VARIABLE'	;

INSERT INTO "COMMON"."ItemMap" ("OID_ITEM","PRIVILEGE","OID_ASSOCIATE_ITEM","ASSOCIATE_PRIVILEGE")  
	SELECT SI."OID", '3', ASI."OID", '1' 
	FROM "COMMON"."SecureItem" AS SI
	INNER JOIN "COMMON"."SecureItem" AS ASI ON SI."DESCRIPTOR" = 'PAGO' AND ASI."DESCRIPTOR" = 'VARIABLE'	;

INSERT INTO "COMMON"."ItemMap" ("OID_ITEM","PRIVILEGE","OID_ASSOCIATE_ITEM","ASSOCIATE_PRIVILEGE")  
	SELECT SI."OID", '4', ASI."OID", '1' 
	FROM "COMMON"."SecureItem" AS SI
	INNER JOIN "COMMON"."SecureItem" AS ASI ON SI."DESCRIPTOR" = 'PAGO' AND ASI."DESCRIPTOR" = 'VARIABLE'	;

INSERT INTO "COMMON"."ItemMap" ("OID_ITEM","PRIVILEGE","OID_ASSOCIATE_ITEM","ASSOCIATE_PRIVILEGE")  
	SELECT SI."OID", '1', ASI."OID", '1' 
	FROM "COMMON"."SecureItem" AS SI
	INNER JOIN "COMMON"."SecureItem" AS ASI ON SI."DESCRIPTOR" = 'PAGO' AND ASI."DESCRIPTOR" = 'EMPRESA'	;

INSERT INTO "COMMON"."ItemMap" ("OID_ITEM","PRIVILEGE","OID_ASSOCIATE_ITEM","ASSOCIATE_PRIVILEGE")  
	SELECT SI."OID", '2', ASI."OID", '1' 
	FROM "COMMON"."SecureItem" AS SI
	INNER JOIN "COMMON"."SecureItem" AS ASI ON SI."DESCRIPTOR" = 'PAGO' AND ASI."DESCRIPTOR" = 'EMPRESA'	;

INSERT INTO "COMMON"."ItemMap" ("OID_ITEM","PRIVILEGE","OID_ASSOCIATE_ITEM","ASSOCIATE_PRIVILEGE")  
	SELECT SI."OID", '3', ASI."OID", '1' 
	FROM "COMMON"."SecureItem" AS SI
	INNER JOIN "COMMON"."SecureItem" AS ASI ON SI."DESCRIPTOR" = 'PAGO' AND ASI."DESCRIPTOR" = 'EMPRESA'	;

INSERT INTO "COMMON"."ItemMap" ("OID_ITEM","PRIVILEGE","OID_ASSOCIATE_ITEM","ASSOCIATE_PRIVILEGE")  
	SELECT SI."OID", '4', ASI."OID", '1' 
	FROM "COMMON"."SecureItem" AS SI
	INNER JOIN "COMMON"."SecureItem" AS ASI ON SI."DESCRIPTOR" = 'PAGO' AND ASI."DESCRIPTOR" = 'EMPRESA'	;
	
-- PRODUCTO 	-> VARIABLE
--				-> EMPRESA						
--				-> CLIENTE 
--				-> EXPEDIENTE 
--				-> PROVEEDOR 
--				-> (R, C, M) -> PROVEEDOR(R), AUXILIARES(R)
--				-> (C, M) -> EXPEDIENTE(R), PRODUCTO(R)
	
INSERT INTO "COMMON"."ItemMap" ("OID_ITEM","PRIVILEGE","OID_ASSOCIATE_ITEM","ASSOCIATE_PRIVILEGE")  
	SELECT SI."OID", '1', ASI."OID", '1' 
	FROM "COMMON"."SecureItem" AS SI
	INNER JOIN "COMMON"."SecureItem" AS ASI ON SI."DESCRIPTOR" = 'PRODUCTO' AND ASI."DESCRIPTOR" = 'VARIABLE'	;

INSERT INTO "COMMON"."ItemMap" ("OID_ITEM","PRIVILEGE","OID_ASSOCIATE_ITEM","ASSOCIATE_PRIVILEGE")  
	SELECT SI."OID", '2', ASI."OID", '1' 
	FROM "COMMON"."SecureItem" AS SI
	INNER JOIN "COMMON"."SecureItem" AS ASI ON SI."DESCRIPTOR" = 'PRODUCTO' AND ASI."DESCRIPTOR" = 'VARIABLE'	;

INSERT INTO "COMMON"."ItemMap" ("OID_ITEM","PRIVILEGE","OID_ASSOCIATE_ITEM","ASSOCIATE_PRIVILEGE")  
	SELECT SI."OID", '3', ASI."OID", '1' 
	FROM "COMMON"."SecureItem" AS SI
	INNER JOIN "COMMON"."SecureItem" AS ASI ON SI."DESCRIPTOR" = 'PRODUCTO' AND ASI."DESCRIPTOR" = 'VARIABLE'	;

INSERT INTO "COMMON"."ItemMap" ("OID_ITEM","PRIVILEGE","OID_ASSOCIATE_ITEM","ASSOCIATE_PRIVILEGE")  
	SELECT SI."OID", '4', ASI."OID", '1' 
	FROM "COMMON"."SecureItem" AS SI
	INNER JOIN "COMMON"."SecureItem" AS ASI ON SI."DESCRIPTOR" = 'PRODUCTO' AND ASI."DESCRIPTOR" = 'VARIABLE'	;

INSERT INTO "COMMON"."ItemMap" ("OID_ITEM","PRIVILEGE","OID_ASSOCIATE_ITEM","ASSOCIATE_PRIVILEGE")  
	SELECT SI."OID", '1', ASI."OID", '1' 
	FROM "COMMON"."SecureItem" AS SI
	INNER JOIN "COMMON"."SecureItem" AS ASI ON SI."DESCRIPTOR" = 'PRODUCTO' AND ASI."DESCRIPTOR" = 'EMPRESA'	;

INSERT INTO "COMMON"."ItemMap" ("OID_ITEM","PRIVILEGE","OID_ASSOCIATE_ITEM","ASSOCIATE_PRIVILEGE")  
	SELECT SI."OID", '2', ASI."OID", '1' 
	FROM "COMMON"."SecureItem" AS SI
	INNER JOIN "COMMON"."SecureItem" AS ASI ON SI."DESCRIPTOR" = 'PRODUCTO' AND ASI."DESCRIPTOR" = 'EMPRESA'	;

INSERT INTO "COMMON"."ItemMap" ("OID_ITEM","PRIVILEGE","OID_ASSOCIATE_ITEM","ASSOCIATE_PRIVILEGE")  
	SELECT SI."OID", '3', ASI."OID", '1' 
	FROM "COMMON"."SecureItem" AS SI
	INNER JOIN "COMMON"."SecureItem" AS ASI ON SI."DESCRIPTOR" = 'PRODUCTO' AND ASI."DESCRIPTOR" = 'EMPRESA'	;

INSERT INTO "COMMON"."ItemMap" ("OID_ITEM","PRIVILEGE","OID_ASSOCIATE_ITEM","ASSOCIATE_PRIVILEGE")  
	SELECT SI."OID", '4', ASI."OID", '1' 
	FROM "COMMON"."SecureItem" AS SI
	INNER JOIN "COMMON"."SecureItem" AS ASI ON SI."DESCRIPTOR" = 'PRODUCTO' AND ASI."DESCRIPTOR" = 'EMPRESA'	;
	
INSERT INTO "COMMON"."ItemMap" ("OID_ITEM","PRIVILEGE","OID_ASSOCIATE_ITEM","ASSOCIATE_PRIVILEGE")  
	SELECT SI."OID", '1', ASI."OID", '1' 
	FROM "COMMON"."SecureItem" AS SI
	INNER JOIN "COMMON"."SecureItem" AS ASI ON SI."DESCRIPTOR" = 'PRODUCTO' AND ASI."DESCRIPTOR" = 'PROVEEDOR'	;

INSERT INTO "COMMON"."ItemMap" ("OID_ITEM","PRIVILEGE","OID_ASSOCIATE_ITEM","ASSOCIATE_PRIVILEGE")  
	SELECT SI."OID", '1', ASI."OID", '1' 
	FROM "COMMON"."SecureItem" AS SI
	INNER JOIN "COMMON"."SecureItem" AS ASI ON SI."DESCRIPTOR" = 'PRODUCTO' AND ASI."DESCRIPTOR" = 'AUXILIARES'	;

INSERT INTO "COMMON"."ItemMap" ("OID_ITEM","PRIVILEGE","OID_ASSOCIATE_ITEM","ASSOCIATE_PRIVILEGE")  
	SELECT SI."OID", '2', ASI."OID", '1' 
	FROM "COMMON"."SecureItem" AS SI
	INNER JOIN "COMMON"."SecureItem" AS ASI ON SI."DESCRIPTOR" = 'PRODUCTO' AND ASI."DESCRIPTOR" = 'PROVEEDOR'	;

INSERT INTO "COMMON"."ItemMap" ("OID_ITEM","PRIVILEGE","OID_ASSOCIATE_ITEM","ASSOCIATE_PRIVILEGE")  
	SELECT SI."OID", '2', ASI."OID", '1' 
	FROM "COMMON"."SecureItem" AS SI
	INNER JOIN "COMMON"."SecureItem" AS ASI ON SI."DESCRIPTOR" = 'PRODUCTO' AND ASI."DESCRIPTOR" = 'AUXILIARES'	;

INSERT INTO "COMMON"."ItemMap" ("OID_ITEM","PRIVILEGE","OID_ASSOCIATE_ITEM","ASSOCIATE_PRIVILEGE")  
	SELECT SI."OID", '2', ASI."OID", '1' 
	FROM "COMMON"."SecureItem" AS SI
	INNER JOIN "COMMON"."SecureItem" AS ASI ON SI."DESCRIPTOR" = 'PRODUCTO' AND ASI."DESCRIPTOR" = 'EXPEDIENTE'	;

INSERT INTO "COMMON"."ItemMap" ("OID_ITEM","PRIVILEGE","OID_ASSOCIATE_ITEM","ASSOCIATE_PRIVILEGE")  
	SELECT SI."OID", '2', ASI."OID", '1' 
	FROM "COMMON"."SecureItem" AS SI
	INNER JOIN "COMMON"."SecureItem" AS ASI ON SI."DESCRIPTOR" = 'PRODUCTO' AND ASI."DESCRIPTOR" = 'PRODUCTO'	;

INSERT INTO "COMMON"."ItemMap" ("OID_ITEM","PRIVILEGE","OID_ASSOCIATE_ITEM","ASSOCIATE_PRIVILEGE")  
	SELECT SI."OID", '3', ASI."OID", '1' 
	FROM "COMMON"."SecureItem" AS SI
	INNER JOIN "COMMON"."SecureItem" AS ASI ON SI."DESCRIPTOR" = 'PRODUCTO' AND ASI."DESCRIPTOR" = 'PROVEEDOR'	;

INSERT INTO "COMMON"."ItemMap" ("OID_ITEM","PRIVILEGE","OID_ASSOCIATE_ITEM","ASSOCIATE_PRIVILEGE")  
	SELECT SI."OID", '3', ASI."OID", '1' 
	FROM "COMMON"."SecureItem" AS SI
	INNER JOIN "COMMON"."SecureItem" AS ASI ON SI."DESCRIPTOR" = 'PRODUCTO' AND ASI."DESCRIPTOR" = 'AUXILIARES'	;

INSERT INTO "COMMON"."ItemMap" ("OID_ITEM","PRIVILEGE","OID_ASSOCIATE_ITEM","ASSOCIATE_PRIVILEGE")  
	SELECT SI."OID", '3', ASI."OID", '1' 
	FROM "COMMON"."SecureItem" AS SI
	INNER JOIN "COMMON"."SecureItem" AS ASI ON SI."DESCRIPTOR" = 'PRODUCTO' AND ASI."DESCRIPTOR" = 'EXPEDIENTE'	;

INSERT INTO "COMMON"."ItemMap" ("OID_ITEM","PRIVILEGE","OID_ASSOCIATE_ITEM","ASSOCIATE_PRIVILEGE")  
	SELECT SI."OID", '3', ASI."OID", '1' 
	FROM "COMMON"."SecureItem" AS SI
	INNER JOIN "COMMON"."SecureItem" AS ASI ON SI."DESCRIPTOR" = 'PRODUCTO' AND ASI."DESCRIPTOR" = 'PRODUCTO'	;

INSERT INTO "COMMON"."ItemMap" ("OID_ITEM","PRIVILEGE","OID_ASSOCIATE_ITEM","ASSOCIATE_PRIVILEGE")  
	SELECT SI."OID", '1', ASI."OID", '1' 
	FROM "COMMON"."SecureItem" AS SI
	INNER JOIN "COMMON"."SecureItem" AS ASI ON SI."DESCRIPTOR" = 'PRODUCTO' AND ASI."DESCRIPTOR" = 'CLIENTE'	;

INSERT INTO "COMMON"."ItemMap" ("OID_ITEM","PRIVILEGE","OID_ASSOCIATE_ITEM","ASSOCIATE_PRIVILEGE")  
	SELECT SI."OID", '2', ASI."OID", '2' 
	FROM "COMMON"."SecureItem" AS SI
	INNER JOIN "COMMON"."SecureItem" AS ASI ON SI."DESCRIPTOR" = 'PRODUCTO' AND ASI."DESCRIPTOR" = 'CLIENTE'	;

INSERT INTO "COMMON"."ItemMap" ("OID_ITEM","PRIVILEGE","OID_ASSOCIATE_ITEM","ASSOCIATE_PRIVILEGE")  
	SELECT SI."OID", '3', ASI."OID", '3' 
	FROM "COMMON"."SecureItem" AS SI
	INNER JOIN "COMMON"."SecureItem" AS ASI ON SI."DESCRIPTOR" = 'PRODUCTO' AND ASI."DESCRIPTOR" = 'CLIENTE'	;

INSERT INTO "COMMON"."ItemMap" ("OID_ITEM","PRIVILEGE","OID_ASSOCIATE_ITEM","ASSOCIATE_PRIVILEGE")  
	SELECT SI."OID", '4', ASI."OID", '4' 
	FROM "COMMON"."SecureItem" AS SI
	INNER JOIN "COMMON"."SecureItem" AS ASI ON SI."DESCRIPTOR" = 'PRODUCTO' AND ASI."DESCRIPTOR" = 'CLIENTE'	;

INSERT INTO "COMMON"."ItemMap" ("OID_ITEM","PRIVILEGE","OID_ASSOCIATE_ITEM","ASSOCIATE_PRIVILEGE")  
	SELECT SI."OID", '1', ASI."OID", '1' 
	FROM "COMMON"."SecureItem" AS SI
	INNER JOIN "COMMON"."SecureItem" AS ASI ON SI."DESCRIPTOR" = 'PRODUCTO' AND ASI."DESCRIPTOR" = 'EXPEDIENTE'	;

INSERT INTO "COMMON"."ItemMap" ("OID_ITEM","PRIVILEGE","OID_ASSOCIATE_ITEM","ASSOCIATE_PRIVILEGE")  
	SELECT SI."OID", '2', ASI."OID", '2' 
	FROM "COMMON"."SecureItem" AS SI
	INNER JOIN "COMMON"."SecureItem" AS ASI ON SI."DESCRIPTOR" = 'PRODUCTO' AND ASI."DESCRIPTOR" = 'EXPEDIENTE'	;

INSERT INTO "COMMON"."ItemMap" ("OID_ITEM","PRIVILEGE","OID_ASSOCIATE_ITEM","ASSOCIATE_PRIVILEGE")  
	SELECT SI."OID", '3', ASI."OID", '3' 
	FROM "COMMON"."SecureItem" AS SI
	INNER JOIN "COMMON"."SecureItem" AS ASI ON SI."DESCRIPTOR" = 'PRODUCTO' AND ASI."DESCRIPTOR" = 'EXPEDIENTE'	;

INSERT INTO "COMMON"."ItemMap" ("OID_ITEM","PRIVILEGE","OID_ASSOCIATE_ITEM","ASSOCIATE_PRIVILEGE")  
	SELECT SI."OID", '4', ASI."OID", '4' 
	FROM "COMMON"."SecureItem" AS SI
	INNER JOIN "COMMON"."SecureItem" AS ASI ON SI."DESCRIPTOR" = 'PRODUCTO' AND ASI."DESCRIPTOR" = 'EXPEDIENTE'	;

INSERT INTO "COMMON"."ItemMap" ("OID_ITEM","PRIVILEGE","OID_ASSOCIATE_ITEM","ASSOCIATE_PRIVILEGE")  
	SELECT SI."OID", '2', ASI."OID", '2' 
	FROM "COMMON"."SecureItem" AS SI
	INNER JOIN "COMMON"."SecureItem" AS ASI ON SI."DESCRIPTOR" = 'PRODUCTO' AND ASI."DESCRIPTOR" = 'PROVEEDOR'	;

INSERT INTO "COMMON"."ItemMap" ("OID_ITEM","PRIVILEGE","OID_ASSOCIATE_ITEM","ASSOCIATE_PRIVILEGE")  
	SELECT SI."OID", '3', ASI."OID", '3' 
	FROM "COMMON"."SecureItem" AS SI
	INNER JOIN "COMMON"."SecureItem" AS ASI ON SI."DESCRIPTOR" = 'PRODUCTO' AND ASI."DESCRIPTOR" = 'PROVEEDOR'	;

INSERT INTO "COMMON"."ItemMap" ("OID_ITEM","PRIVILEGE","OID_ASSOCIATE_ITEM","ASSOCIATE_PRIVILEGE")  
	SELECT SI."OID", '4', ASI."OID", '4' 
	FROM "COMMON"."SecureItem" AS SI
	INNER JOIN "COMMON"."SecureItem" AS ASI ON SI."DESCRIPTOR" = 'PRODUCTO' AND ASI."DESCRIPTOR" = 'PROVEEDOR'	;
		
-- PROVEEDOR 	-> FACTURA_RECIBIDA 
-- 				-> VARIABLE

INSERT INTO "COMMON"."ItemMap" ("OID_ITEM","PRIVILEGE","OID_ASSOCIATE_ITEM","ASSOCIATE_PRIVILEGE")  
	SELECT SI."OID", '1', ASI."OID", '1' 
	FROM "COMMON"."SecureItem" AS SI
	INNER JOIN "COMMON"."SecureItem" AS ASI ON SI."DESCRIPTOR" = 'PROVEEDOR' AND ASI."DESCRIPTOR" = 'FACTURA_RECIBIDA'	;

INSERT INTO "COMMON"."ItemMap" ("OID_ITEM","PRIVILEGE","OID_ASSOCIATE_ITEM","ASSOCIATE_PRIVILEGE")  
	SELECT SI."OID", '2', ASI."OID", '2' 
	FROM "COMMON"."SecureItem" AS SI
	INNER JOIN "COMMON"."SecureItem" AS ASI ON SI."DESCRIPTOR" = 'PROVEEDOR' AND ASI."DESCRIPTOR" = 'FACTURA_RECIBIDA'	;

INSERT INTO "COMMON"."ItemMap" ("OID_ITEM","PRIVILEGE","OID_ASSOCIATE_ITEM","ASSOCIATE_PRIVILEGE")  
	SELECT SI."OID", '3', ASI."OID", '3' 
	FROM "COMMON"."SecureItem" AS SI
	INNER JOIN "COMMON"."SecureItem" AS ASI ON SI."DESCRIPTOR" = 'PROVEEDOR' AND ASI."DESCRIPTOR" = 'FACTURA_RECIBIDA'	;

INSERT INTO "COMMON"."ItemMap" ("OID_ITEM","PRIVILEGE","OID_ASSOCIATE_ITEM","ASSOCIATE_PRIVILEGE")  
	SELECT SI."OID", '4', ASI."OID", '4' 
	FROM "COMMON"."SecureItem" AS SI
	INNER JOIN "COMMON"."SecureItem" AS ASI ON SI."DESCRIPTOR" = 'PROVEEDOR' AND ASI."DESCRIPTOR" = 'FACTURA_RECIBIDA'	;
	
INSERT INTO "COMMON"."ItemMap" ("OID_ITEM","PRIVILEGE","OID_ASSOCIATE_ITEM","ASSOCIATE_PRIVILEGE")  
	SELECT SI."OID", '1', ASI."OID", '1' 
	FROM "COMMON"."SecureItem" AS SI
	INNER JOIN "COMMON"."SecureItem" AS ASI ON SI."DESCRIPTOR" = 'PROVEEDOR' AND ASI."DESCRIPTOR" = 'VARIABLE'	;

INSERT INTO "COMMON"."ItemMap" ("OID_ITEM","PRIVILEGE","OID_ASSOCIATE_ITEM","ASSOCIATE_PRIVILEGE")  
	SELECT SI."OID", '2', ASI."OID", '1' 
	FROM "COMMON"."SecureItem" AS SI
	INNER JOIN "COMMON"."SecureItem" AS ASI ON SI."DESCRIPTOR" = 'PROVEEDOR' AND ASI."DESCRIPTOR" = 'VARIABLE'	;

INSERT INTO "COMMON"."ItemMap" ("OID_ITEM","PRIVILEGE","OID_ASSOCIATE_ITEM","ASSOCIATE_PRIVILEGE")  
	SELECT SI."OID", '3', ASI."OID", '1' 
	FROM "COMMON"."SecureItem" AS SI
	INNER JOIN "COMMON"."SecureItem" AS ASI ON SI."DESCRIPTOR" = 'PROVEEDOR' AND ASI."DESCRIPTOR" = 'VARIABLE'	;

INSERT INTO "COMMON"."ItemMap" ("OID_ITEM","PRIVILEGE","OID_ASSOCIATE_ITEM","ASSOCIATE_PRIVILEGE")  
	SELECT SI."OID", '4', ASI."OID", '1' 
	FROM "COMMON"."SecureItem" AS SI
	INNER JOIN "COMMON"."SecureItem" AS ASI ON SI."DESCRIPTOR" = 'PROVEEDOR' AND ASI."DESCRIPTOR" = 'VARIABLE'	;

INSERT INTO "COMMON"."ItemMap" ("OID_ITEM","PRIVILEGE","OID_ASSOCIATE_ITEM","ASSOCIATE_PRIVILEGE")  
	SELECT SI."OID", '1', ASI."OID", '1' 
	FROM "COMMON"."SecureItem" AS SI
	INNER JOIN "COMMON"."SecureItem" AS ASI ON SI."DESCRIPTOR" = 'PROVEEDOR' AND ASI."DESCRIPTOR" = 'EMPRESA'	;

INSERT INTO "COMMON"."ItemMap" ("OID_ITEM","PRIVILEGE","OID_ASSOCIATE_ITEM","ASSOCIATE_PRIVILEGE")  
	SELECT SI."OID", '2', ASI."OID", '1' 
	FROM "COMMON"."SecureItem" AS SI
	INNER JOIN "COMMON"."SecureItem" AS ASI ON SI."DESCRIPTOR" = 'PROVEEDOR' AND ASI."DESCRIPTOR" = 'EMPRESA'	;

INSERT INTO "COMMON"."ItemMap" ("OID_ITEM","PRIVILEGE","OID_ASSOCIATE_ITEM","ASSOCIATE_PRIVILEGE")  
	SELECT SI."OID", '3', ASI."OID", '1' 
	FROM "COMMON"."SecureItem" AS SI
	INNER JOIN "COMMON"."SecureItem" AS ASI ON SI."DESCRIPTOR" = 'PROVEEDOR' AND ASI."DESCRIPTOR" = 'EMPRESA'	;

INSERT INTO "COMMON"."ItemMap" ("OID_ITEM","PRIVILEGE","OID_ASSOCIATE_ITEM","ASSOCIATE_PRIVILEGE")  
	SELECT SI."OID", '4', ASI."OID", '1' 
	FROM "COMMON"."SecureItem" AS SI
	INNER JOIN "COMMON"."SecureItem" AS ASI ON SI."DESCRIPTOR" = 'PROVEEDOR' AND ASI."DESCRIPTOR" = 'EMPRESA'	;
	
-- SERIE	-> AUXILIARES
--			-> VARIABLE	

INSERT INTO "COMMON"."ItemMap" ("OID_ITEM","PRIVILEGE","OID_ASSOCIATE_ITEM","ASSOCIATE_PRIVILEGE")  
	SELECT SI."OID", '1', ASI."OID", '1' 
	FROM "COMMON"."SecureItem" AS SI
	INNER JOIN "COMMON"."SecureItem" AS ASI ON SI."DESCRIPTOR" = 'SERIE' AND ASI."DESCRIPTOR" = 'VARIABLE'	;

INSERT INTO "COMMON"."ItemMap" ("OID_ITEM","PRIVILEGE","OID_ASSOCIATE_ITEM","ASSOCIATE_PRIVILEGE")  
	SELECT SI."OID", '2', ASI."OID", '1' 
	FROM "COMMON"."SecureItem" AS SI
	INNER JOIN "COMMON"."SecureItem" AS ASI ON SI."DESCRIPTOR" = 'SERIE' AND ASI."DESCRIPTOR" = 'VARIABLE'	;

INSERT INTO "COMMON"."ItemMap" ("OID_ITEM","PRIVILEGE","OID_ASSOCIATE_ITEM","ASSOCIATE_PRIVILEGE")  
	SELECT SI."OID", '3', ASI."OID", '1' 
	FROM "COMMON"."SecureItem" AS SI
	INNER JOIN "COMMON"."SecureItem" AS ASI ON SI."DESCRIPTOR" = 'SERIE' AND ASI."DESCRIPTOR" = 'VARIABLE'	;

INSERT INTO "COMMON"."ItemMap" ("OID_ITEM","PRIVILEGE","OID_ASSOCIATE_ITEM","ASSOCIATE_PRIVILEGE")  
	SELECT SI."OID", '4', ASI."OID", '1' 
	FROM "COMMON"."SecureItem" AS SI
	INNER JOIN "COMMON"."SecureItem" AS ASI ON SI."DESCRIPTOR" = 'SERIE' AND ASI."DESCRIPTOR" = 'VARIABLE'	;

INSERT INTO "COMMON"."ItemMap" ("OID_ITEM","PRIVILEGE","OID_ASSOCIATE_ITEM","ASSOCIATE_PRIVILEGE")  
	SELECT SI."OID", '1', ASI."OID", '1' 
	FROM "COMMON"."SecureItem" AS SI
	INNER JOIN "COMMON"."SecureItem" AS ASI ON SI."DESCRIPTOR" = 'SERIE' AND ASI."DESCRIPTOR" = 'EMPRESA'	;

INSERT INTO "COMMON"."ItemMap" ("OID_ITEM","PRIVILEGE","OID_ASSOCIATE_ITEM","ASSOCIATE_PRIVILEGE")  
	SELECT SI."OID", '2', ASI."OID", '1' 
	FROM "COMMON"."SecureItem" AS SI
	INNER JOIN "COMMON"."SecureItem" AS ASI ON SI."DESCRIPTOR" = 'SERIE' AND ASI."DESCRIPTOR" = 'EMPRESA'	;

INSERT INTO "COMMON"."ItemMap" ("OID_ITEM","PRIVILEGE","OID_ASSOCIATE_ITEM","ASSOCIATE_PRIVILEGE")  
	SELECT SI."OID", '3', ASI."OID", '1' 
	FROM "COMMON"."SecureItem" AS SI
	INNER JOIN "COMMON"."SecureItem" AS ASI ON SI."DESCRIPTOR" = 'SERIE' AND ASI."DESCRIPTOR" = 'EMPRESA'	;

INSERT INTO "COMMON"."ItemMap" ("OID_ITEM","PRIVILEGE","OID_ASSOCIATE_ITEM","ASSOCIATE_PRIVILEGE")  
	SELECT SI."OID", '4', ASI."OID", '1' 
	FROM "COMMON"."SecureItem" AS SI
	INNER JOIN "COMMON"."SecureItem" AS ASI ON SI."DESCRIPTOR" = 'SERIE' AND ASI."DESCRIPTOR" = 'EMPRESA'	;
	
-- STOCK	-> AUXILIARES
--			-> VARIABLE
						
INSERT INTO "COMMON"."ItemMap" ("OID_ITEM","PRIVILEGE","OID_ASSOCIATE_ITEM","ASSOCIATE_PRIVILEGE")  
	SELECT SI."OID", '1', ASI."OID", '1' 
	FROM "COMMON"."SecureItem" AS SI
	INNER JOIN "COMMON"."SecureItem" AS ASI ON SI."DESCRIPTOR" = 'STOCK' AND ASI."DESCRIPTOR" = 'VARIABLE'	;

INSERT INTO "COMMON"."ItemMap" ("OID_ITEM","PRIVILEGE","OID_ASSOCIATE_ITEM","ASSOCIATE_PRIVILEGE")  
	SELECT SI."OID", '2', ASI."OID", '1' 
	FROM "COMMON"."SecureItem" AS SI
	INNER JOIN "COMMON"."SecureItem" AS ASI ON SI."DESCRIPTOR" = 'STOCK' AND ASI."DESCRIPTOR" = 'VARIABLE'	;

INSERT INTO "COMMON"."ItemMap" ("OID_ITEM","PRIVILEGE","OID_ASSOCIATE_ITEM","ASSOCIATE_PRIVILEGE")  
	SELECT SI."OID", '3', ASI."OID", '1' 
	FROM "COMMON"."SecureItem" AS SI
	INNER JOIN "COMMON"."SecureItem" AS ASI ON SI."DESCRIPTOR" = 'STOCK' AND ASI."DESCRIPTOR" = 'VARIABLE'	;

INSERT INTO "COMMON"."ItemMap" ("OID_ITEM","PRIVILEGE","OID_ASSOCIATE_ITEM","ASSOCIATE_PRIVILEGE")  
	SELECT SI."OID", '4', ASI."OID", '1' 
	FROM "COMMON"."SecureItem" AS SI
	INNER JOIN "COMMON"."SecureItem" AS ASI ON SI."DESCRIPTOR" = 'STOCK' AND ASI."DESCRIPTOR" = 'VARIABLE'	;

INSERT INTO "COMMON"."ItemMap" ("OID_ITEM","PRIVILEGE","OID_ASSOCIATE_ITEM","ASSOCIATE_PRIVILEGE")  
	SELECT SI."OID", '1', ASI."OID", '1' 
	FROM "COMMON"."SecureItem" AS SI
	INNER JOIN "COMMON"."SecureItem" AS ASI ON SI."DESCRIPTOR" = 'STOCK' AND ASI."DESCRIPTOR" = 'EMPRESA'	;

INSERT INTO "COMMON"."ItemMap" ("OID_ITEM","PRIVILEGE","OID_ASSOCIATE_ITEM","ASSOCIATE_PRIVILEGE")  
	SELECT SI."OID", '2', ASI."OID", '1' 
	FROM "COMMON"."SecureItem" AS SI
	INNER JOIN "COMMON"."SecureItem" AS ASI ON SI."DESCRIPTOR" = 'STOCK' AND ASI."DESCRIPTOR" = 'EMPRESA'	;

INSERT INTO "COMMON"."ItemMap" ("OID_ITEM","PRIVILEGE","OID_ASSOCIATE_ITEM","ASSOCIATE_PRIVILEGE")  
	SELECT SI."OID", '3', ASI."OID", '1' 
	FROM "COMMON"."SecureItem" AS SI
	INNER JOIN "COMMON"."SecureItem" AS ASI ON SI."DESCRIPTOR" = 'STOCK' AND ASI."DESCRIPTOR" = 'EMPRESA'	;

INSERT INTO "COMMON"."ItemMap" ("OID_ITEM","PRIVILEGE","OID_ASSOCIATE_ITEM","ASSOCIATE_PRIVILEGE")  
	SELECT SI."OID", '4', ASI."OID", '1' 
	FROM "COMMON"."SecureItem" AS SI
	INNER JOIN "COMMON"."SecureItem" AS ASI ON SI."DESCRIPTOR" = 'STOCK' AND ASI."DESCRIPTOR" = 'EMPRESA'	;

